Pull Request - Commit URL,Class
https://github.com/aaberg/sql2o/pull/286/commits/b9a824546cf929511e447837d94638afcfff332e,core/src/main/java/org/sql2o/Query.java
https://github.com/apache/accumulo/pull/793/commits/1d94714bdc4e5e54432dfa8ca1c0a5efa1ce723d,server/tserver/src/main/java/org/apache/accumulo/tserver/TabletServer.java
https://github.com/apache/accumulo/pull/793/commits/7a093189d55775dacfcb81474973ff434c26af24,server/tserver/src/main/java/org/apache/accumulo/tserver/log/TabletServerLogger.java
https://github.com/apache/accumulo/pull/793/commits/1d94714bdc4e5e54432dfa8ca1c0a5efa1ce723d,server/tserver/src/main/java/org/apache/accumulo/tserver/TabletServer.java
https://github.com/apache/accumulo/pull/890/commits/d7f789a894f8f1a50e8cd77938a54693e8d23ddc,server/master/src/main/java/org/apache/accumulo/master/tableOps/bulkVer2/LoadFiles.java
https://github.com/apache/accumulo/pull/1546/commits/0de251ec567e6443df871ed5cbe44a1077e70af2,core/src/main/java/org/apache/accumulo/core/cli/ClientOpts.java
https://github.com/apache/accumulo/pull/1604/commits/49df8a2ea20c049db15d9da4a6bbe0d0cae5eca5,test/src/main/java/org/apache/accumulo/test/ThriftServerBindsBeforeZooKeeperLockIT.java
https://github.com/apache/accumulo/pull/1661/commits/3244f2bb1d8b63e430d7fdecc75fc79656f2c8e8,server/master/src/main/java/org/apache/accumulo/master/Master.java
https://github.com/apache/accumulo/pull/1738/commits/8f56442220df5bb45f16a3d28adb3dc061be5881,core/src/main/java/org/apache/accumulo/core/volume/Volume.java
https://github.com/apache/accumulo/pull/2251/commits/f453409cdc2ece43f7bc4b2853f1dcdf8de09142,server/tserver/src/main/java/org/apache/accumulo/tserver/compactions/CompactionService.java
https://github.com/apache/accumulo/pull/2381/commits/868135a8cc793752b50bf1fd3b8e3f5f98327edb,core/src/main/java/org/apache/accumulo/core/clientImpl/TableOperationsImpl.java
https://github.com/apache/accumulo/pull/2438/commits/18effe61f58f27d0354ecc6daeda2a335b4bf51f,server/base/src/main/java/org/apache/accumulo/server/init/Initialize.java
https://github.com/apache/avro/pull/965/commits/1e038a014a4d3e7efb0c5206a0b64bd0a1041c95,lang/java/tools/src/main/java/org/apache/avro/tool/SpecificCompilerTool.java
https://github.com/apache/curator/pull/262/commits/5920c744508afd678a20309313e1b8d78baac0c4,curator-framework/src/main/java/org/apache/curator/framework/state/ConnectionStateManager.java
https://github.com/apache/cxf/pull/740/commits/f69c680317b6da76dd0820d223d4c919e6e754a9,systests/transports/src/test/java/org/apache/cxf/systest/servlet/AbstractServletTest.java
https://github.com/apache/drill/pull/2489/commits/3438002cea04509c876923e109c68429903e2d64,exec/java-exec/src/main/java/org/apache/drill/exec/server/rest/DrillRoot.java
https://github.com/apache/roller/pull/111/commits/f23df8a20bc16e74e571fdd78f40f9e6bce03712,app/src/main/java/org/apache/roller/weblogger/ui/rendering/servlets/SearchServlet.java
https://github.com/apache/shiro/pull/255/commits/886569d38ba40ec8555b88084b4f2c4778ca7ab1,support/spring-boot/spring-boot-web-starter/src/main/java/org/apache/shiro/spring/config/web/autoconfigure/ShiroWebFilterConfiguration.java
https://github.com/apache/storm/pull/3318/commits/b7241c55f68b8fbf18f089a1f4349f79163109f2,storm-client/src/jvm/org/apache/storm/metrics2/StormMetricRegistry.java
https://github.com/AxonFramework/AxonFramework/pull/776/commits/1aa970268c49575da5b18cc826e0716779931b4a,core/src/main/java/org/axonframework/commandhandling/distributed/ConsistentHash.java
https://github.com/AxonFramework/AxonFramework/pull/966/files/2fcc779af0afdb8023edca922a8c615e7614244c,core/src/main/java/org/axonframework/deadline/quartz/DeadlineJob.java
https://github.com/AxonFramework/AxonFramework/pull/1152/commits/104f1262032b01bc7f5e22d5c4159e4673785920,axon-server-connector/src/main/java/org/axonframework/axonserver/connector/event/axon/AxonServerEventStore.java
https://github.com/AxonFramework/AxonFramework/pull/1250/commits/dd252ca15b0ee3c21665a05e753e397317d3c41a,axon-server-connector/src/main/java/org/axonframework/axonserver/connector/AxonServerConnectionManager.java
https://github.com/azkaban/azkaban/pull/2500/commits/cf4ad51402ef2e9661f6bf0aed1a07c5ccfe45a0,azkaban-common/src/main/java/azkaban/executor/ExecutableRamp.java
https://github.com/dita-ot/dita-ot/pull/3300/commits/891f572da52b5047b7ac384e7e4d4217efac045e,src/main/java/org/dita/dost/project/ProjectBuilder.java
https://github.com/geoserver/geoserver/pull/4893/commits/8294067aff27740a7415ee499ba59b51a85a5231,src/community/backup-restore/core/src/main/java/org/geoserver/backuprestore/processor/CatalogItemProcessor.java
https://github.com/jacoco/jacoco/pull/949/commits/970c42939ddb3bf3f509a7100795d8ca1ce738aa,org.jacoco.core.test.validation.java5/src/org/jacoco/core/test/validation/java5/FinallyTest.java
https://github.com/JakeWharton/timber/pull/304/commits/16a769833958679461044d1713f7f2bf6e162735,timber/src/main/java/timber/log/Timber.java
https://github.com/liquibase/liquibase/pull/3316/commits/a77a43cb2f96907771d0816b9a5f19d3f31eada3,liquibase-cdi/src/main/java/liquibase/integration/cdi/SchemesCDIConfigBuilder.java
https://github.com/RPTools/maptool/pull/2144/commits/fb571cf97fb2509f7b2e8d3beb5128e658998584,src/main/java/net/rptools/lib/ModelVersionManager.java
https://github.com/RPTools/maptool/pull/2144/commits/0f90b92f3cf5908fafd16cf5fec88f8a0518a700,src/main/java/net/rptools/maptool/model/Token.java
https://github.com/RPTools/maptool/pull/2144/commits/31370e5d15dda6baf2e40a2022e9e398a3fc2526,src/main/java/net/rptools/maptool/client/utilities/DungeonDraftImporter.java
https://github.com/RPTools/maptool/pull/2144/commits/33fe57cde9e8018921ead62d655e0feb8e1de48a,src/main/java/net/rptools/lib/swing/ImagePanel.java
https://github.com/RPTools/maptool/pull/2144/commits/1b387e42e5851be02f80e08c2cca1d6cdb8b12c7,src/main/java/net/rptools/maptool/client/MapToolLineParser.java
https://github.com/RPTools/maptool/pull/2144/commits/dcf81ca1a22a8b0a77ac9d8bd65d0940519b6392,src/main/java/net/rptools/maptool/client/functions/DrawingFunctions.java
https://github.com/RPTools/maptool/pull/2144/commits/e89fb26bb514c7e356956222f92e6a4563653fff,src/main/java/net/rptools/lib/swing/TaskPanelGroup.java
https://github.com/RPTools/maptool/pull/2144/commits/d60adc7f5929ea1948aba76d8d7c18462ad67f7a,src/main/java/net/rptools/lib/BackupManager.java
https://github.com/RPTools/maptool/pull/2144/commits/5d2397539b4312a8d680c6d2d645f4b0d352f0ed,src/main/java/net/rptools/maptool/client/ui/zone/PointerOverlay.java
https://github.com/RPTools/maptool/pull/2144/commits/cc6affc064208ca5a2477ecdd8a376d2102be7dc,src/main/java/net/rptools/maptool/client/ServerCommandClientImpl.java
https://github.com/RPTools/maptool/pull/2144/commits/20d3935716eac49a02daef89eaef93e02f903e67,src/main/java/net/rptools/maptool/client/AppPreferences.java
https://github.com/RPTools/maptool/pull/2144/commits/2376612d6a77561b05bd666b77fec19cb584eee8,src/main/java/net/rptools/maptool/client/swing/AbeillePanel.java
https://github.com/RPTools/maptool/pull/2144/commits/a3c65d84b3540b1cddd0b22fa7093b6457276304,src/main/java/net/rptools/maptool/client/MapToolLineParser.java
https://github.com/RPTools/maptool/pull/2144/commits/2f546c28b8f374de6ee33e494d46d0224485dc52,src/main/java/net/rptools/maptool/client/AppPreferences.java
https://github.com/RPTools/maptool/pull/2144/commits/82098be68cfaeb2ca6ea7b1dd4c3f793411394d7,src/main/java/net/rptools/lib/swing/PositionalPanel.java
https://github.com/RPTools/maptool/pull/2144/commits/c4250e22d39e9be272eaa6d253e2585fd70417de,src/main/java/net/rptools/maptool/model/HeroLabData.java
https://github.com/checkstyle/checkstyle/pull/5472/commits/b1a205ab2007bb1fbd36f403315a42a172575c12,src/main/java/com/puppycrawl/tools/checkstyle/checks/AvoidEscapedUnicodeCharactersCheck.java
https://github.com/CorfuDB/CorfuDB/pull/1701/commits/73c8a328dc3e0304dd1c6091e2ab27480edd3326,runtime/src/main/java/org/corfudb/runtime/object/transactions/AbstractTransactionalContext.java
https://github.com/CorfuDB/CorfuDB/pull/1753/commits/f28c7079c84480a332d9608899394e904cc198df,infrastructure/src/main/java/org/corfudb/infrastructure/log/StreamLogFiles.java
https://github.com/CorfuDB/CorfuDB/pull/1901/commits/d4534f4339606c1db62a24fc26f0e28fe1bb3252,infrastructure/src/main/java/org/corfudb/infrastructure/LogUnitServer.java
https://github.com/CorfuDB/CorfuDB/pull/2090/commits/3eb448846e33370f2b5a7b42516c735e8267cd87,runtime/src/main/java/org/corfudb/runtime/object/VersionLockedObject.java
https://github.com/CorfuDB/CorfuDB/pull/2256/commits/e9278587651cd17c45ff99a5f7bb451921bb8bbf,generator/src/main/java/org/corfudb/generator/StringIndexer.java
https://github.com/dita-ot/dita-ot/pull/2884/commits/730356ea23aa45b7ef8a83de1a41731067d60a86,src/main/java/org/dita/dost/writer/NormalizeFilter.java
https://github.com/farin/JCloisterZone/pull/240/commits/765b0a0434eb19dfdbff786568a3ab625343abbb,src/main/java/com/jcloisterzone/board/Edge.java
https://github.com/farin/JCloisterZone/pull/240/commits/855284130d9991599d7cfc83dcc80ddd564fa10b,src/main/java/com/jcloisterzone/board/Location.java
https://github.com/farin/JCloisterZone/pull/240/commits/1a8fbb0ce829107147fb9dd77d2b4bfb01c12b80,src/main/java/com/jcloisterzone/board/Location.java
https://github.com/gdg-x/frisbee/pull/681/commits/362c5dede0d2800d836f1a20f5ae0e80fdeb87f8,app/src/main/java/org/gdg/frisbee/android/activity/ParseDeepLinkActivity.java
https://github.com/gdg-x/frisbee/pull/681/commits/362c5dede0d2800d836f1a20f5ae0e80fdeb87f8,app/src/main/java/org/gdg/frisbee/android/activity/ParseDeepLinkActivity.java
https://github.com/geoserver/geoserver/pull/3860/commits/95a3de9acbc7838bc56c3f3fb830d9dc1dc3a499,src/platform/src/test/java/org/geoserver/platform/resource/FileSystemResourceTheoryTest.java
https://github.com/geoserver/geoserver/pull/3860/commits/95a3de9acbc7838bc56c3f3fb830d9dc1dc3a499,src/platform/src/test/java/org/geoserver/platform/resource/FileSystemResourceTheoryTest.java
https://github.com/gradle/gradle/pull/7856/commits/26f2ec35b42c82d947a6ec0d9e7de753d75451ea,subprojects/base-services/src/main/java/org/gradle/util/GradleVersion.java
https://github.com/gradle/gradle/pull/7856/commits/26f2ec35b42c82d947a6ec0d9e7de753d75451ea,subprojects/base-services/src/main/java/org/gradle/util/GradleVersion.java
https://github.com/gradle/gradle/pull/20031/commits/6521d0c2ed86324e769c2b490b908e60f661b2aa,subprojects/architecture-test/src/test/java/org/gradle/architecture/test/KotlinCompatibilityTest.java
https://github.com/gradle/gradle/pull/20353/commits/f0a186f89bea3d3371589fa67d1eeca6b4a3c4a0,build-logic/integration-testing/src/main/kotlin/gradlebuild/integrationtests/model/GradleDistribution.kt
https://github.com/Graylog2/graylog2-server/pull/6651/commits/ceb2afbf105b999b79b960b98880a068fea5f7fd,graylog2-server/src/test/java/org/graylog/plugins/views/search/rest/SearchResourceTest.java
https://github.com/Graylog2/graylog2-server/pull/12539/commits/42640e51e4926776c0bced2d0a83241a23d1f240,graylog2-server/src/test/java/org/graylog/plugins/views/search/rest/FieldTypesResourceTest.java
https://github.com/Graylog2/graylog2-server/pull/12995/commits/4318c29a283912d72fbb90d042f4db3358ea729e,graylog-storage-elasticsearch6/src/main/java/org/graylog/storage/elasticsearch6/views/searchtypes/pivot/ESPivot.java
https://github.com/grpc/grpc-java/pull/6128/commits/4e8752d8ab9e8f156d24e7f81e8117b8e49d0d5e,xds/src/main/java/io/grpc/xds/LocalityStore.java
https://github.com/grpc/grpc-java/pull/7810/commits/c38e35566b94cce0bfa52a1c7ef5bf6c9ff65211,xds/src/main/java/io/grpc/xds/Bootstrapper.java
https://github.com/grpc/grpc-java/pull/7944/commits/7ef11e3999baee7e47616439bbc62a8ca1f2c68c,xds/src/test/java/io/grpc/xds/ClientXdsClientTestBase.java
https://github.com/hazelcast/hazelcast/pull/10931/commits/e13bf152a23e94cca4f9a3bcab09233f1eeb3bbe,hazelcast/src/test/java/com/hazelcast/map/impl/nearcache/invalidation/MapInvalidationMetaDataMigrationTest.java
https://github.com/HubSpot/jinjava/pull/946/commits/3c3b41ad5e00632e23e6731b108859dcb7a671e1,src/main/java/com/hubspot/jinjava/interpret/JinjavaInterpreter.java
https://github.com/iluwatar/java-design-patterns/pull/805/commits/ac3cdfbf351a6c593ac359da4945233bde9d6275,ambassador/src/main/java/com/iluwatar/ambassador/RemoteService.java
https://github.com/iluwatar/java-design-patterns/pull/1025/commits/6d29083683beebc87022a337f3dfab1367f3ef9f,abstract-document/src/main/java/com/iluwatar/abstractdocument/App.java
https://github.com/iluwatar/java-design-patterns/pull/1492/commits/31471acb69bb5e41d0668cfbf10c3d8e083b1861,bytecode/src/test/java/com/iluwatar/bytecode/AppTest.java
https://github.com/iluwatar/java-design-patterns/pull/1811/commits/ebdd337dbab6d6e8dc0209e23039c2bb78fa72bb,singleton/src/main/java/com/iluwatar/singleton/ThreadSafeDoubleCheckLocking.java
https://github.com/JabRef/jabref/pull/6479/commits/cdfd56a1b2f50f9b781e7129e45dc3d9e61c1967,src/main/java/org/jabref/logic/bibtexkeypattern/BracketedPattern.java
https://github.com/liquibase/liquibase/pull/3047/commits/efa97010615193ee5c25c0ce54f862cee8e91926,liquibase-core/src/test/java/liquibase/sqlgenerator/core/CreateSequenceGeneratorTest.java
https://github.com/mockito/mockito/pull/907/commits/fe0e7dc198cdc587fd7597ad819a8ca22e6402ca,src/main/java/org/mockito/internal/verification/Times.java
https://github.com/neo4j/neo4j/pull/9460/commits/e290c4daba5657472df8d76ace3f437ecd0024f9,community/cypher/cypher/src/main/scala/org/neo4j/cypher/internal/spi/v2_3/TransactionBoundQueryContext.scala
https://github.com/netty/netty/pull/8720/commits/302f1df755d7c25b4cbc38847f6f0a1bdc9c10e4,common/src/main/java/io/netty/util/concurrent/SingleThreadEventExecutor.java
https://github.com/netty/netty/pull/8732/commits/f3667b89ba8252f3e98f57f70ddc9ffc52f8ab5f,transport/src/main/java/io/netty/channel/DefaultChannelPipeline.java
https://github.com/netty/netty/pull/8732/commits/f3667b89ba8252f3e98f57f70ddc9ffc52f8ab5f,transport/src/main/java/io/netty/channel/DefaultChannelPipeline.java
https://github.com/netty/netty/pull/12869/commits/64f0400c8599071ee608b3787c7552f609b7e57f,codec-dns/src/main/java/io/netty5/handler/codec/dns/DefaultDnsRecordEncoder.java
https://github.com/payara/Payara/pull/4463/commits/6fa0a93ed38d074484528cfb75e3cdaeba9dbb82,appserver/monitoring-console/webapp/src/main/webapp/js/mc-view.js
https://github.com/payara/Payara/pull/4602/commits/b585421ebe9ca2307a0533f353f7c0ba4990a4a3,nucleus/common/glassfish-api/src/main/java/org/glassfish/api/invocation/InvocationManagerImpl.java
https://github.com/rstudio/rstudio/pull/1529/commits/f8e440d1b0c3ab816e93c318789b1b5e5309551e,src/gwt/src/org/rstudio/studio/client/workbench/views/terminal/TerminalPane.java
https://github.com/square/moshi/pull/245/commits/9420b6493c11a287155f28a3e0dbe31addd34a00,moshi/src/main/java/com/squareup/moshi/ClassJsonAdapter.java
https://github.com/undertow-io/undertow/pull/850/commits/9098d1e495e83baa2ec67d1631b22388c42a53e0,core/src/main/java/io/undertow/protocols/http2/Http2Channel.java
https://github.com/azkaban/azkaban/pull/2849/commits/65400fa97dcae8e91662cad8aed5fb2471fb6921,azkaban-exec-server/src/main/java/azkaban/container/FlowContainer.java
https://github.com/crate/crate/pull/7300/commits/18c7480726521caeb92159c91556eb50035d430d,sql/src/test/java/io/crate/execution/jobs/CountContextTest.java
https://github.com/magefree/mage/pull/9574/commits/54aec0ee2b73a7ae16efc2d804e410a0bbdd4017,Mage.Client/src/main/java/org/mage/card/arcane/CardPanelRenderModeMTGO.java
https://github.com/mapstruct/mapstruct/pull/2998/commits/d3ecd02bb161a76a4c7f66ed125eab315b5bb39a,processor/src/test/resources/fixtures/org/mapstruct/ap/test/annotatewith/MultipleArrayValuesMapperImpl.java
https://github.com/elastic/elasticsearch/pull/59951/commits/327baa0c14a0538732e52e868913779343275d96,client/rest-high-level/src/main/java/org/elasticsearch/client/ml/dataframe/evaluation/outlierdetection/OutlierDetection.java
https://github.com/gradle/gradle/pull/22047/commits/09b66e514d5e013a4de1b5fbec5e642416859840,subprojects/execution/src/main/java/org/gradle/internal/execution/UnitOfWork.java
https://github.com/gradle/gradle/pull/22047/commits/419b0b1c3848f1fbf6ea6410eac3df940725670b,subprojects/core/src/main/java/org/gradle/api/internal/tasks/execution/TaskExecution.java
https://github.com/gradle/gradle/pull/22047/commits/cd07566884149299e5ed438feeb35af11747bd49,subprojects/execution/src/integTest/groovy/org/gradle/internal/execution/UnitOfWorkBuilder.groovy
https://github.com/gradle/gradle/pull/22047/commits/e9010f0cad0846ba4e7c3bbcc0c4d0645cbd0011,subprojects/execution/src/main/java/org/gradle/internal/execution/steps/ResolveInputChangesStep.java
https://github.com/apache/commons-lang/pull/418/commits/c31dc383c9cd27a51b37a2f71f75b2dc251d8576,src/main/java/org/apache/commons/lang3/text/ExtendedMessageFormat.java
https://github.com/gradle/gradle/pull/14636/commits/50326a942167334d68b7cbd98c85f58da1773f68,subprojects/composite-builds/src/main/java/org/gradle/composite/internal/DefaultBuildableCompositeBuildContext.java
https://github.com/grpc/grpc-java/pull/7756/commits/1277faa43e75a7a931271350d19f21df7c1852c1,api/src/main/java/io/grpc/Status.java
https://github.com/grpc/grpc-java/pull/9025/commits/b4df690eaed8ede269414501fde0caa3cd468c35,xds/src/test/java/io/grpc/xds/XdsCredentialsRegistryTest.java
https://github.com/grpc/grpc-java/pull/9025/commits/b4df690eaed8ede269414501fde0caa3cd468c35,xds/src/main/java/io/grpc/xds/XdsCredentialsRegistry.java
https://github.com/hazelcast/hazelcast/pull/21413/commits/c489a258d5075b1be0bbce9cf1e19b572f62f55a,hazelcast/src/main/java/com/hazelcast/internal/cluster/impl/ClusterServiceImpl.java
https://github.com/apache/accumulo/pull/188/commits/37ad8f5050a43881377b2ad38debb6c3177335ac,core/src/test/java/org/apache/accumulo/core/file/rfile/CreateCompatTestFile.java
https://github.com/apache/accumulo/pull/1593/commits/df8b71eed89703afb71fb0dd738c5082b8b4bdd7,core/src/main/java/org/apache/accumulo/core/clientImpl/ConditionalWriterImpl.java
https://github.com/apache/jena/pull/1171/commits/9a40fb8e2d36098cbae533650077c44db0791811,jena-arq/src/main/java/org/apache/jena/sparql/exec/http/QueryExecHTTP.java
https://github.com/eclipse/jetty.project/pull/3310/commits/b4bd5980aaf685503f953faa07ba3fe68ab81326,jetty-websocket/javax-websocket-client/src/main/java/org/eclipse/jetty/websocket/javax/client/DelegatedJavaxClientUpgradeRequest.java
https://github.com/eclipse/jetty.project/pull/6258/commits/b13249fd14aded9f5e17fa8f30233a51fcadcf03,jetty-client/src/main/java/org/eclipse/jetty/client/HttpDestination.java
https://github.com/eclipse/jetty.project/pull/6258/commits/b13249fd14aded9f5e17fa8f30233a51fcadcf03,jetty-client/src/main/java/org/eclipse/jetty/client/HttpDestination.java
https://github.com/eclipse/jetty.project/pull/6753/commits/159f042cc419561ad4d06e499c891aee0ec5b62b,jetty-server/src/main/java/org/eclipse/jetty/server/session/DefaultSessionCache.java
https://github.com/linkedin/rest.li/pull/417/commits/58ee644ea3a21900856c4386f17459cb1246fd4a,CHANGELOG.md
https://github.com/MinecraftForge/MinecraftForge/pull/5235/commits/226377c7bf7442d429cc8cc36bc39d29c4d6448a,src/main/java/net/minecraftforge/registries/NamespacedDefaultedWrapper.java
https://github.com/Netflix/zuul/pull/764/commits/4f6ea6e286d8dd83046c11678ce8930a52ac7c89,zuul-core/src/main/java/com/netflix/zuul/message/Headers.java
https://github.com/netty/netty/pull/9538/commits/26bafeffee9911e2801025816ed333bbbbce0cf7,transport/src/main/java/io/netty/channel/DefaultChannelPipeline.java
https://github.com/netty/netty/pull/9538/commits/26bafeffee9911e2801025816ed333bbbbce0cf7,transport/src/main/java/io/netty/channel/DefaultChannelPipeline.java
https://github.com/netty/netty/pull/11220/commits/90a7c14f1b373d06712a4fb960e3dbdbc5fa1cc4,codec-http2/src/main/java/io/netty/handler/codec/http2/Http2FrameCodecBuilder.java
https://github.com/rstudio/rstudio/pull/6318/commits/a607147fa6104ae4350b3da46be8f1215d4b6b0d,src/gwt/src/org/rstudio/studio/client/workbench/views/source/editors/text/spelling/CheckSpelling.java
https://github.com/UniversalMediaServer/UniversalMediaServer/pull/3577/commits/842520f920414075fb2108dcd3b12f0d75dabef4,src/main/java/net/pms/PMS.java
https://github.com/elastic/elasticsearch/pull/48452/commits/5f12f63c8715078cecf0740c0ea2b112f79f43c8,x-pack/plugin/security/src/test/java/org/elasticsearch/xpack/security/authc/saml/SamlSpMetadataBuilderTests.java
https://github.com/apache/accumulo/pull/1271/commits/f80b798e33c761e019da18ee5236fb657978cc6c,core/src/main/java/org/apache/accumulo/core/file/rfile/bcfile/Compression.java
https://github.com/apache/accumulo/pull/1271/commits/ac1f0d069c0adbbff8a23e66a2402c977dfbb578,core/src/main/java/org/apache/accumulo/core/file/rfile/bcfile/Compression.java
https://github.com/apache/accumulo/pull/2250/commits/233e2c23e66506bd63db567d52ae413122dbf2b3,server/tserver/src/main/java/org/apache/accumulo/tserver/compactions/CompactionService.java
https://github.com/apache/accumulo/pull/2250/commits/233e2c23e66506bd63db567d52ae413122dbf2b3,server/tserver/src/main/java/org/apache/accumulo/tserver/compactions/CompactionService.java
https://github.com/apache/roller/pull/105/commits/e23b32f11822c4c43e0225b94ebb396c4377ec57,app/src/main/java/org/apache/roller/weblogger/ui/rendering/servlets/PreviewServlet.java
https://github.com/apache/roller/pull/105/commits/eec6c794a0709b90a80d65b1af7998860c908a34,app/src/main/java/org/apache/roller/planet/business/MultiPlanetURLStrategy.java
https://github.com/apache/roller/pull/105/commits/2e31b23107ae55f77d324935ae36a464cf876fba,app/src/main/java/org/apache/roller/weblogger/ui/struts2/admin/GlobalCommentManagementBean.java
https://github.com/apache/roller/pull/105/commits/86eabeaaf07a913ac7af1d1fe18e3ea03c4b2af2,app/src/main/java/org/apache/roller/weblogger/ui/rendering/WeblogRequestMapper.java
https://github.com/apache/roller/pull/105/commits/083252695e6c494ecbd8b7fc95858a990f16dbfb,app/src/main/java/org/apache/roller/weblogger/business/jpa/JPAWeblogEntryManagerImpl.java
https://github.com/apache/roller/pull/105/commits/fc8cdba6f86d4c8a39ba36fc19deb1112e7df0ef,app/src/main/java/org/apache/roller/weblogger/ui/struts2/editor/MediaFileView.java
https://github.com/apache/roller/pull/105/commits/4de79d5c5b13af48703dad8f469ada7db8a4519b,app/src/main/java/org/apache/roller/weblogger/ui/struts2/editor/BookmarksImport.java
https://github.com/apache/roller/pull/105/commits/cb3090fa0c2c89100ae350afa7722dcebf5f8e94,app/src/main/java/org/apache/roller/weblogger/pojos/Weblog.java
https://github.com/apache/roller/pull/105/commits/92b993243bbd43af3983f4beec31278b2d497920,app/src/main/java/org/apache/roller/weblogger/business/MailProvider.java
https://github.com/apache/roller/pull/105/commits/d6ed11cecf6ffb39a4c4f0b91b013fabb4ea5272,app/src/main/java/org/apache/roller/planet/config/PlanetRuntimeConfig.java
https://github.com/apache/roller/pull/105/commits/d6ed11cecf6ffb39a4c4f0b91b013fabb4ea5272,app/src/main/java/org/apache/roller/planet/config/PlanetRuntimeConfig.java
https://github.com/crate/crate/pull/10685/commits/6e8bc4f2bcad39a01210ee2e9d755f060cfd7eb7,server/src/main/java/org/elasticsearch/repositories/blobstore/BlobStoreRepository.java
https://github.com/crate/crate/pull/11011/commits/43f5f50336537e94ec80021088e36547637ea1ab,server/src/main/java/org/elasticsearch/indices/recovery/RecoverySourceHandler.java
https://github.com/eclipse/jetty.project/pull/5230/commits/0a59a2b0909383de7db8bdd2b69e2f0c869bcd09,jetty-util/src/main/java/org/eclipse/jetty/util/thread/QueuedThreadPool.java
https://github.com/googlemaps/android-maps-utils/pull/633/commits/f518a614ca4768241dad9c0e2bc525ea3e835560,library/src/main/java/com/google/maps/android/clustering/view/DefaultClusterRenderer.java
https://github.com/gradle/gradle/pull/11892/commits/fb591de2bb423a7d5d9fc348ece2f9b2bf6c431a,subprojects/dependency-management/src/main/java/org/gradle/api/internal/artifacts/ComponentModuleMetadataProcessor.java
https://github.com/graphhopper/graphhopper/pull/1219/commits/3908bb60c4452a3e31d2836fbed192db6837a023,core/src/main/java/com/graphhopper/util/InstructionList.java
https://github.com/grpc/grpc-java/pull/3430/commits/1f9a7ebd51cbf566c7506e99e6b88b3d795dc206,core/src/main/java/io/grpc/internal/ServerImpl.java
https://github.com/grpc/grpc-java/pull/9666/commits/d6bbcad25b6e9a22b688c684e568347a773a0d00,xds/src/test/java/io/grpc/xds/FakeControlPlaneXdsIntegrationTest.java
https://github.com/HubSpot/jinjava/pull/528/commits/420f3867b2e8653a4433445df7d92853eef1b604,src/main/java/com/hubspot/jinjava/JinjavaConfig.java
https://github.com/HubSpot/jinjava/pull/528/commits/420f3867b2e8653a4433445df7d92853eef1b604,src/main/java/com/hubspot/jinjava/JinjavaConfig.java
https://github.com/iluwatar/java-design-patterns/pull/2108/commits/15accb735f3a81d4e5dea4e31694a1ac423e9330,step-builder/src/main/java/com/iluwatar/stepbuilder/Character.java
https://github.com/mockito/mockito/pull/1231/commits/814955a988167dd36a47c2ed5e6c0a388e9359ba,src/main/java/org/mockito/internal/debugging/InvocationsPrinter.java
https://github.com/netty/netty/pull/8753/commits/d5b82cf0175df9437154e7a1ad0ec8ab10ba88dc,codec-http/src/main/java/io/netty/handler/codec/http/multipart/HttpPostMultipartRequestDecoder.java
https://github.com/rabbitmq/rabbitmq-java-client/pull/443/commits/8c8bdd30aafcd82c6fa76db32e7d2bcac35a975a,src/test/java/com/rabbitmq/client/test/functional/BindingLifecycle.java
https://github.com/resteasy/resteasy/pull/1930/commits/43f28919b383da3f65312c464f03454aa3c65bfb,testsuite/unit-tests/src/test/java/org/jboss/resteasy/test/interception/MessageSanitizerMediaTypeTest.java
https://github.com/eclipse/jetty.project/pull/6133/commits/f94cbb652e6b860f53598ca30a4f7201a36d82f1,jetty-http/src/test/java/org/eclipse/jetty/http/SyntaxTest.java
https://github.com/broadinstitute/picard/pull/1303/commits/cf80b31cde210da8844ebf69d69b13691980df96,src/main/java/picard/fingerprint/CrosscheckFingerprints.java
https://github.com/eclipse/jetty.project/pull/6286/commits/5941c16bf03ef20acd2a7ec59719c825e67ad0a5,jetty-util/src/main/java/org/eclipse/jetty/util/Pool.java
https://github.com/gdg-x/frisbee/pull/647/commits/87fa6fc73e3a99812de96337d98b78a68ee29de5,app/src/main/java/org/gdg/frisbee/android/eventseries/GdgEventListFragment.java
https://github.com/gdg-x/frisbee/pull/647/commits/3c5584b0fd8bad37e5890255178e5dde263f2147,app/src/main/java/org/gdg/frisbee/android/common/GdgListFragment.java
https://github.com/Graylog2/graylog2-server/pull/12514/commits/c0d1a24556e10e9341c920e3309a83f95abdeb0d,graylog2-server/src/test/java/org/graylog/plugins/views/search/validation/TokenCollectingQueryParserTest.java
https://github.com/grpc/grpc-java/pull/4594/commits/cd26af4e929a27bd46f22bd99145498797414c41,core/src/main/java/io/grpc/util/RoundRobinLoadBalancerFactory.java
https://github.com/grpc/grpc-java/pull/9390/commits/e2c88c0e9063c531f5163431022f321abccfc3bf,rls/src/main/java/io/grpc/rls/AdaptiveThrottler.java
https://github.com/HubSpot/jinjava/pull/285/commits/4e9a773e226dc6a7d3c9869be7e3f1acec1d449c,src/main/java/com/hubspot/jinjava/tree/TagNode.java
https://github.com/JabRef/jabref/pull/8002/commits/f676003bd3e557b2bec35c7c3a406f6dba45d08a,src/main/java/org/jabref/gui/entryeditor/EntryEditor.java
https://github.com/JabRef/jabref/pull/9135/commits/f6c7641721ee1b4e3318661fd451cbbf39a14df1,src/main/java/org/jabref/gui/JabRefFrame.java
https://github.com/JabRef/jabref/pull/9135/commits/f6c7641721ee1b4e3318661fd451cbbf39a14df1,src/main/java/org/jabref/gui/push/PushToApplicationCommand.java
https://github.com/MinecraftForge/MinecraftForge/pull/3805/commits/d539eb8c917807c957f7db073a2c3eb5f2316647,src/main/java/net/minecraftforge/common/ForgeHooks.java
https://github.com/MovingBlocks/Terasology/pull/2646/commits/602bae42569d333c23ac7c1c2858f50a4dec32d4,engine-tests/src/test/java/org/terasology/rendering/nui/layouts/ColumnLayoutTest.java
https://github.com/neo4j/neo4j/pull/11221/commits/2f551c4fdf730eb46a1a60b002c0090973aa61b5,community/bolt/src/test/java/org/neo4j/bolt/v2/messaging/Neo4jPackV2Test.java
https://github.com/neo4j/neo4j/pull/11221/commits/2f551c4fdf730eb46a1a60b002c0090973aa61b5,community/cypher/interpreted-runtime/src/main/scala/org/neo4j/cypher/internal/runtime/interpreted/pipes/NodeIndexSeekPipe.scala
https://github.com/neo4j/neo4j/pull/11248/commits/62b835218f3209309f983123a3049ea73abc7358,community/kernel/src/main/java/org/neo4j/storageengine/api/txstate/ReadableRelationshipDiffSets.java
https://github.com/neo4j/neo4j/pull/11248/commits/5d0ccdc265108c43e1236fa9f52a434949657725,community/kernel/src/main/java/org/neo4j/kernel/impl/util/diffsets/RelationshipDiffSets.java
https://github.com/neo4j/neo4j/pull/11623/commits/350fe08cc87f968501366141d10c80823d367887,community/kernel/src/main/java/org/neo4j/kernel/impl/index/schema/fusion/FusionIndexAccessor.java
https://github.com/neo4j/neo4j/pull/11623/commits/350fe08cc87f968501366141d10c80823d367887,community/kernel/src/main/java/org/neo4j/kernel/impl/index/schema/fusion/FusionIndexAccessor.java
https://github.com/netty/netty/pull/8598/commits/e7f1690e33f4073a23550d08b387a997ce5c26d3,codec-http2/src/main/java/io/netty/handler/codec/http2/DefaultHttp2FrameReader.java
https://github.com/RPTools/maptool/pull/2141/commits/f152e38ec727221b5299432b0235f514fac5dce9,src/main/java/net/rptools/maptool/client/ui/campaignproperties/CampaignPropertiesDialog.java
https://github.com/RPTools/maptool/pull/2141/commits/5eb1348c75907bf5d787ee1cd40aede6c0e9482d,src/main/java/net/rptools/maptool/client/functions/MacroLinkFunction.java
https://github.com/RPTools/maptool/pull/2141/commits/89b4360365fffc8af3912e698076d6a01a834e8e,src/main/java/net/rptools/maptool/client/walker/NaiveWalker.java
https://github.com/RPTools/maptool/pull/2141/commits/a4689fed2be5fc611817a330ecd7b98b16f86a36,src/main/java/net/rptools/maptool/client/functions/TokenPropertyFunctions.java
https://github.com/RPTools/maptool/pull/2141/commits/df1dcfaf47129500aeb578085dd5a842a5f76055,src/main/java/net/rptools/maptool/client/tool/DefaultTool.java
https://github.com/RPTools/maptool/pull/2141/commits/0fe5922ff176cf218667477c20969ebcb0968209,src/main/java/net/rptools/lib/BackupManager.java
https://github.com/SonarSource/sonar-java/pull/3218/commits/f57a30d86c32603ca1d1125321068b342b269adb,java-checks/src/main/java/org/sonar/java/checks/RedundantModifierCheck.java
https://github.com/square/moshi/pull/1470/commits/46a2a5125d896bdc2e96f73318149d5c0ae20b94,moshi/src/main/java/com/squareup/moshi/ClassJsonAdapter.kt
https://github.com/AxonFramework/AxonFramework/pull/2275/commits/2598c00a6cad4b1edcb2e22cecd1f24ff11368d1,messaging/src/main/java/org/axonframework/eventhandling/pooled/WorkPackage.java
https://github.com/broadinstitute/picard/pull/1589/commits/d2a0aa7bf23538a6bc59ccc745b52486e09de80e,src/main/java/picard/sam/AbstractAlignmentMerger.java
https://github.com/confluentinc/schema-registry/pull/1297/commits/e29335aa3c6dde449d53172367af9b4bfe46d6d0,avro-serializer/src/main/java/io/confluent/kafka/formatter/AvroMessageReader.java
https://github.com/grpc/grpc-java/pull/4607/commits/3cbb05d1a6b93f8fb6bd2fbcf9b5735834844bab,core/src/main/java/io/grpc/util/RoundRobinLoadBalancerFactory.java
https://github.com/OpenHFT/Chronicle-Queue/pull/1249/commits/7c259adb421c97e24e27a6cd7a511b92df73f3e4,src/main/java/net/openhft/chronicle/queue/impl/single/StoreAppender.java
https://github.com/apache/accumulo/pull/501/commits/f0d1dd42308995661083e5444cec3b89ab96cdf9,core/src/main/java/org/apache/accumulo/core/client/impl/ConditionalWriterImpl.java
https://github.com/apache/accumulo/pull/1590/commits/4cd880970e3d9c250b12024a39596607cc9eca9d,core/src/main/java/org/apache/accumulo/core/cli/ConfigOpts.java
https://github.com/cgeo/cgeo/pull/7431/commits/ab01a0a55e98184c3eb15750ca57b0a13fecfe7f,tests/src-android/cgeo/geocaching/connector/su/SuConnectorTest.java
https://github.com/crate/crate/pull/4076/commits/a216ba1d9163ac52adaba7bdfebc66e50402bff3,sql/src/main/java/io/crate/analyze/GeneratedColumnComparisonReplacer.java
https://github.com/ehcache/ehcache3/pull/2174/commits/58dab86e72a55d5a6a0866a172559fbb3c723109,clustered/client/src/main/java/org/ehcache/clustered/client/config/builders/TimeoutsBuilder.java
https://github.com/forcedotcom/SalesforceMobileSDK-Android/pull/1508/commits/5694b6d83ff83f07a0d116145d765291a9880549,libs/SalesforceSDK/src/com/salesforce/androidsdk/config/BootConfig.java
https://github.com/forcedotcom/SalesforceMobileSDK-Android/pull/2319/commits/541b07ffb51d64ac20772a36fb6da1344c530552,libs/MobileSync/src/com/salesforce/androidsdk/mobilesync/target/BatchSyncUpTarget.java
https://github.com/graphhopper/graphhopper/pull/1001/commits/7a9a8d5493ec1fe111524713728969e0c861173c,core/src/main/java/com/graphhopper/routing/Path.java
https://github.com/grpc/grpc-java/pull/8326/commits/5d0c68589efae304134343cf1c9c20604fbda52c,xds/src/main/java/io/grpc/xds/FaultFilter.java
https://github.com/kermitt2/grobid/pull/558/commits/b81c5ef2064916016ef895853585d83e62e4f41a,grobid-core/src/main/java/org/grobid/core/engines/label/TaggingLabels.java
https://github.com/MovingBlocks/Terasology/pull/4725/commits/3d511a89ff42ee9f3ce07aa82fe5306e29526068,engine/src/main/java/org/terasology/engine/core/module/ModuleManager.java
https://github.com/neo4j/neo4j/pull/8135/commits/49f050d928a135b7612cc2cf3cfa8eedb8a0f3f9,community/kernel/src/main/java/org/neo4j/unsafe/impl/batchimport/input/csv/CsvInput.java
https://github.com/neo4j/neo4j/pull/10119/commits/07ebc3b3663352af3c76a227d754d6fb62de8cd1,community/kernel/src/main/java/org/neo4j/kernel/recovery/Recovery.java
https://github.com/netty/netty/pull/8497/commits/39a6f63d73bdaec2fbd76d96d79b52dddec19701,buffer/src/main/java/io/netty/buffer/CompositeByteBuf.java
https://github.com/netty/netty/pull/12388/commits/632501d5557b2e7d15f9f15907be0c84e44a3f07,buffer/src/main/java/io/netty5/buffer/api/SensitiveBufferAllocator.java
https://github.com/UniversalMediaServer/UniversalMediaServer/pull/1638/commits/7f40572d2574e2bef484416a4e06f981e72d8a80,src/main/java/net/pms/configuration/RendererConfiguration.java
https://github.com/elastic/elasticsearch/pull/81743/commits/ca08af8d47f46020c018695b8def154955b3c183,x-pack/plugin/core/src/main/java/org/elasticsearch/xpack/core/ml/datafeed/AggProvider.java
https://github.com/elastic/elasticsearch/pull/81635/commits/7fa4d4c8784301d067f4e745cfb6a178651234bf,x-pack/plugin/eql/src/main/java/org/elasticsearch/xpack/eql/analysis/AnalysisUtils.java
https://github.com/elastic/elasticsearch/pull/78433/commits/fb8079b1f977c415b5fbcdae49707f8b1aebb6e8,x-pack/plugin/ilm/qa/multi-node/src/javaRestTest/java/org/elasticsearch/xpack/MigrateToDataTiersIT.java
https://github.com/elastic/elasticsearch/pull/74386/commits/133f6c279f4813d3365e0f43d67d3e37911e2cea,x-pack/plugin/security/src/main/java/org/elasticsearch/xpack/security/support/SecurityIndexManager.java
https://github.com/elastic/elasticsearch/pull/71876/commits/dc106682e6cee752a86a04114ef0d221e6b6f0cc,server/src/main/java/org/elasticsearch/snapshots/SnapshotsService.java
https://github.com/elastic/elasticsearch/pull/65360/commits/abf1fe1933ffeef49072dedd2059013ac5db00be,x-pack/plugin/ml/src/main/java/org/elasticsearch/xpack/ml/job/process/autodetect/AutodetectProcessManager.java
https://github.com/elastic/elasticsearch/pull/42500/commits/ca46907276df1c2f3f71342bc02e1d571a8f2878,server/src/main/java/org/elasticsearch/index/analysis/AnalysisRegistry.java
https://github.com/elastic/elasticsearch/pull/67175/commits/bf421472ae0eb85e1c51a469b2611c9376e36409,x-pack/plugin/eql/src/main/java/org/elasticsearch/xpack/eql/analysis/Analyzer.java
https://github.com/elastic/elasticsearch/pull/55915/commits/887539d7db3424d0d09b40d795f0b607f6ed7dc8,server/src/main/java/org/elasticsearch/index/search/QueryStringQueryParser.java
https://github.com/elastic/elasticsearch/pull/51825/commits/cf7db8780e2eefcd1dd156db6805cc1c864ae1e5,x-pack/plugin/core/src/test/java/org/elasticsearch/xpack/core/ilm/ForceMergeActionTests.java
https://github.com/elastic/elasticsearch/pull/50310/commits/c8b0259403a4e6c30fa98846990b79d66ff68703,x-pack/plugin/core/src/main/java/org/elasticsearch/xpack/core/ml/dataframe/evaluation/classification/Accuracy.java
https://github.com/elastic/elasticsearch/pull/45936/commits/a4f6c31e2c7080b8bf4774cca11ddd74f3d54492,x-pack/plugin/vectors/src/main/java/org/elasticsearch/xpack/vectors/mapper/DenseVectorFieldMapper.java
https://github.com/elastic/elasticsearch/pull/36819/commits/fbfbb4a4117ff4e7996fdc73259d4663041e1574,server/src/main/java/org/elasticsearch/action/DocWriteResponse.java
https://github.com/elastic/elasticsearch/pull/33015/commits/f015ff2c2ac6857f33b5726f07b59051478e34aa,x-pack/plugin/watcher/src/main/java/org/elasticsearch/xpack/watcher/trigger/schedule/CronnableSchedule.java
https://github.com/elastic/elasticsearch/pull/34184/commits/94ac1d1b6db0f942a5deb026c2defb3b3be8778f,server/src/main/java/org/elasticsearch/common/settings/AbstractScopedSettings.java
https://github.com/elastic/elasticsearch/pull/28737/commits/4b9bf4e4d3dd860857acde29d45dfbb29bfb864c,server/src/main/java/org/elasticsearch/index/engine/InternalEngine.java
https://github.com/elastic/elasticsearch/pull/33933/commits/51feaae7682a657d83b690e482cc5bdfcbfee548,server/src/test/java/org/elasticsearch/index/mapper/ObjectMapperMergeTests.java
https://github.com/Azure/azure-sdk-for-java/pull/24141/commits/1dfbbd8a21bcc6868143153381d69dbbf3240950,sdk/core/azure-core-amqp/src/main/java/com/azure/core/amqp/implementation/RequestResponseChannel.java
https://github.com/Azure/azure-sdk-for-java/pull/24141/commits/1dfbbd8a21bcc6868143153381d69dbbf3240950,sdk/core/azure-core-amqp/src/main/java/com/azure/core/amqp/implementation/RequestResponseChannel.java
https://github.com/jMonkeyEngine/jmonkeyengine/pull/1594/commits/2a9cfb505327fdf6bb08f4db88ab522e2e9f9085,jme3-terrain/src/main/java/com/jme3/terrain/geomipmap/TerrainQuad.java
https://github.com/cgeo/cgeo/pull/10396/commits/c71daa1561b134172e400aac753f32208a11aaea,main/src/cgeo/geocaching/CacheDetailActivity.java
https://github.com/quickfix-j/quickfixj/pull/347/commits/8520cc50e5c94236ec7f370a969a22e4a1a8d42c,quickfixj-core/src/main/java/quickfix/DataDictionary.java
https://github.com/checkstyle/checkstyle/pull/8836/commits/52760c4704a4d0c2027d102f27e7933e0005fb93,src/main/java/com/puppycrawl/tools/checkstyle/checks/javadoc/JavadocTypeCheck.java
https://github.com/jenkinsci/remoting/pull/378/commits/236691650bb922492dfcebbd27f7c30425940a63,src/main/java/hudson/remoting/RemoteClassLoader.java
https://github.com/AxonFramework/AxonFramework/pull/969/commits/69b64e39bcf30af44bcb674f35cd11320b47d041,integrationtests/src/test/java/org/axonframework/integrationtests/eventhandling/TrackingEventProcessorTest.java
https://github.com/broadinstitute/picard/pull/1823/commits/129047b44f3ca50a3a339fdc26a0d0e5e05ecba1,src/main/java/picard/fingerprint/CrosscheckFingerprints.java
https://github.com/cgeo/cgeo/pull/7629/commits/37adb9e11fdca11f87b0d0d7c2c5fc2e518f3fad,main/src/cgeo/geocaching/AboutActivity.java
https://github.com/checkstyle/checkstyle/pull/8984/commits/433efcc629a226e6c1b82b7323c8b73590395779,src/main/java/com/puppycrawl/tools/checkstyle/checks/whitespace/EmptyLineSeparatorCheck.java
https://github.com/CorfuDB/CorfuDB/pull/558/commits/bfb9e9e3ff4b55be85e8cdfa0b296f4be11f5ca4,infrastructure/src/main/java/org/corfudb/infrastructure/SequencerServer.java
https://github.com/CorfuDB/CorfuDB/pull/1959/commits/4d778705f42f69d7b5249b03689f0810fb55c01b,infrastructure/src/main/java/org/corfudb/infrastructure/LogUnitServer.java
https://github.com/geoserver/geoserver/pull/5969/commits/bc1f9a2c4d12e8f65a5d2930b1710854dee26d6f,src/extension/geofence-server/src/test/java/org/geoserver/geofence/integration/GeofenceAccessManagerIntegrationTest.java
https://github.com/geoserver/geoserver/pull/5969/commits/bc1f9a2c4d12e8f65a5d2930b1710854dee26d6f,src/extension/geofence-server/src/test/java/org/geoserver/geofence/integration/GeofenceAccessManagerIntegrationTest.java
https://github.com/geoserver/geoserver/pull/5969/commits/bc1f9a2c4d12e8f65a5d2930b1710854dee26d6f,src/extension/geofence/src/main/java/org/geoserver/geofence/GeoFenceAreaHelper.java
https://github.com/geoserver/geoserver/pull/5969/commits/bc1f9a2c4d12e8f65a5d2930b1710854dee26d6f,src/extension/geofence/src/main/java/org/geoserver/geofence/GeofenceAccessManager.java
https://github.com/Graylog2/graylog2-server/pull/13954/commits/9c033072548340d02ace21845211685c88d417bb,graylog-storage-elasticsearch7/src/main/java/org/graylog/storage/elasticsearch7/views/searchtypes/pivot/buckets/ESValuesHandler.java
https://github.com/iluwatar/java-design-patterns/pull/589/commits/73934e25e5bfbca572d8b3f275763f8e684d8c60,interpreter/src/test/java/com/iluwatar/interpreter/ExpressionTest.java
https://github.com/iluwatar/java-design-patterns/pull/1475/commits/0c83ccc2fe996eba856cabfeb270445629717d18,observer/src/main/java/com/iluwatar/observer/Hobbits.java
https://github.com/JabRef/jabref/pull/2765/commits/59600282cb098f8c050a853435fcff94fc87e50c,src/main/java/org/jabref/gui/BasePanel.java
https://github.com/mongodb/mongo-java-driver/pull/818/commits/de500c06455f2739a754daee1c0ebc275509ff00,driver-core/src/main/com/mongodb/internal/selector/ReadPreferenceWithFallbackServerSelector.java
https://github.com/mongodb/mongo-java-driver/pull/1010/commits/412238c18ca3c83080f4163eb6a86566f109c633,driver-core/src/main/com/mongodb/internal/connection/AbstractMultiServerCluster.java
https://github.com/mongodb/mongo-java-driver/pull/1010/commits/88d0aec8be31940aa1f7e6d5b5baaaa84ec4a04d,driver-core/src/main/com/mongodb/internal/connection/AbstractMultiServerCluster.java
https://github.com/mongodb/mongo-java-driver/pull/1010/commits/c84470b391439fa460609e4f8ef61213a6d56ead,driver-core/src/main/com/mongodb/internal/connection/AbstractMultiServerCluster.java
https://github.com/MovingBlocks/Terasology/pull/4584/commits/777057c983e62e9398f6a569bd5de4705898205d,engine/src/main/java/org/terasology/engine/core/modes/loadProcesses/CreateWorldEntity.java
https://github.com/neo4j/neo4j/pull/8571/commits/f4e778144a58b289c4a5501716ba46cf14ce5e80,community/index/src/main/java/org/neo4j/index/gbptree/SeekCursor.java
https://github.com/neo4j/neo4j/pull/8571/commits/f4e778144a58b289c4a5501716ba46cf14ce5e80,community/index/src/main/java/org/neo4j/index/gbptree/SeekCursor.java
https://github.com/neo4j/neo4j/pull/8571/commits/1577a84fac7e599f3d9e288f9b068c0d344201dd,community/index/src/test/java/org/neo4j/index/gbptree/GBPTreeIT.java
https://github.com/neo4j/neo4j/pull/8571/commits/d2a51aedee919f61d9f3406389d8a6ea021cd97e,community/index/src/test/java/org/neo4j/index/gbptree/GBPTreeIT.java
https://github.com/neo4j/neo4j/pull/8804/commits/358c11b18309b906a2484c723bc9a0c8df35476f,community/kernel/src/main/java/org/neo4j/kernel/recovery/LatestCheckPointFinder.java
https://github.com/neo4j/neo4j/pull/9317/commits/e9fffc58253d61932f8f2830dc810fc753d4a2d2,community/kernel/src/main/java/org/neo4j/kernel/impl/api/index/IndexingService.java
https://github.com/neo4j/neo4j/pull/9953/commits/57ed5b0cdd0d764f2853db18e0f4d165a7cf5e49,community/common/src/test/java/org/neo4j/test/rule/RepeatRule.java
https://github.com/neo4j/neo4j/pull/9953/commits/6c30b7c15bae2ae7ffba15139798a149a7de9df4,community/kernel/src/main/java/org/neo4j/kernel/recovery/Recovery.java
https://github.com/neo4j/neo4j/pull/9953/commits/57ed5b0cdd0d764f2853db18e0f4d165a7cf5e49,community/kernel/src/main/java/org/neo4j/kernel/recovery/Recovery.java
https://github.com/neo4j/neo4j/pull/9953/commits/b27274663ca55532dad0c00f7c0853a3842e8590,community/kernel/src/main/java/org/neo4j/kernel/impl/transaction/command/Command.java
https://github.com/neo4j/neo4j/pull/9953/commits/96effe99ab3cfe4aa941a17f6207858468039a81,community/kernel/src/main/java/org/neo4j/kernel/impl/transaction/log/ReversedSingleFileTransactionCursor.java
https://github.com/neo4j/neo4j/pull/9953/commits/8e929eacf861ddc0201a32edd002a1195c8cc8c7,community/kernel/src/main/java/org/neo4j/kernel/impl/transaction/log/ReversedSingleFileTransactionCursor.java
https://github.com/neo4j/neo4j/pull/9953/commits/8e929eacf861ddc0201a32edd002a1195c8cc8c7,community/kernel/src/test/java/org/neo4j/kernel/impl/api/index/IndexingServiceTest.java
https://github.com/neo4j/neo4j/pull/10413/commits/1f4f5838beb69738e6cbc606e98a30020881fc2e,community/kernel-api/src/main/java/org/neo4j/internal/kernel/api/IndexValueCapability.java
https://github.com/neo4j/neo4j/pull/10413/commits/1f4f5838beb69738e6cbc606e98a30020881fc2e,community/kernel-api/src/main/java/org/neo4j/internal/kernel/api/IndexValueCapability.java
https://github.com/neo4j/neo4j/pull/10413/commits/bd4b34907beda2eac39fab124094046e4e36cbcf,community/kernel-api/src/main/java/org/neo4j/internal/kernel/api/CapableIndexReference.java
https://github.com/neo4j/neo4j/pull/10912/commits/c80cd0d9ea99617f89269f40edd4662bd5c867bd,community/spatial-index/src/main/java/org/neo4j/gis/spatial/index/curves/SpaceFillingCurve.java
https://github.com/neo4j/neo4j/pull/10912/commits/c80cd0d9ea99617f89269f40edd4662bd5c867bd,community/spatial-index/src/test/java/org/neo4j/gis/spatial/index/curves/SpaceFillingCurveTest.java
https://github.com/neo4j/neo4j/pull/10912/commits/c80cd0d9ea99617f89269f40edd4662bd5c867bd,community/spatial-index/src/test/java/org/neo4j/gis/spatial/index/curves/SpaceFillingCurveTest.java
https://github.com/neo4j/neo4j/pull/11575/commits/7270fd9dc2c818eb13609f6bf3f6e079e1b8902b,enterprise/causal-clustering/src/main/java/org/neo4j/causalclustering/core/consensus/LeaderInfo.java
https://github.com/neo4j/neo4j/pull/11575/commits/7270fd9dc2c818eb13609f6bf3f6e079e1b8902b,enterprise/causal-clustering/src/main/java/org/neo4j/causalclustering/core/consensus/RaftMachine.java
https://github.com/neo4j/neo4j/pull/11575/commits/7270fd9dc2c818eb13609f6bf3f6e079e1b8902b,enterprise/causal-clustering/src/main/java/org/neo4j/causalclustering/discovery/HazelcastClusterTopology.java
https://github.com/OpenRefine/OpenRefine/pull/2893/commits/477a298585cffadbabcbd1f0dc149ce67d7564c6,extensions/wikidata/tests/src/org/openrefine/wikidata/qa/scrutinizers/DifferenceWithinScrutinizerTest.java
https://github.com/realm/realm-java/pull/5520/commits/5338680cd16f85f1aceb51c79b30954d5fadbb4f,realm/realm-library/src/main/java/io/realm/RealmQuery.java
https://github.com/RPTools/maptool/pull/2153/commits/be6bcbe56139a6177f6f94d73174e387beed9d11,src/main/java/net/rptools/maptool/client/ui/zone/ZoneRenderer.java
https://github.com/sleuthkit/autopsy/pull/4055/commits/a47979ee658f675b88507525237fbd8fcc062698,Core/src/org/sleuthkit/autopsy/centralrepository/datamodel/CorrelationAttributeInstance.java
https://github.com/undertow-io/undertow/pull/710/commits/50064f30ba3142346683f8dcb9356bf03a0ac191,core/src/main/java/io/undertow/server/handlers/URLDecodingHandler.java
https://github.com/apache/pulsar/pull/4799/commits/f4b41e43376c8196531af5ef7710c76983f19e6e,pulsar-broker-auth-sasl/src/test/java/org/apache/pulsar/broker/authentication/SaslAuthenticateTest.java
https://github.com/apache/pulsar/pull/8052/commits/0f8e53e3375bc279de4ec9ca7c7fe5ebaf25e97b,pulsar-broker/src/test/java/org/apache/pulsar/broker/admin/TopicMessageTTLTest.java
https://github.com/apache/pulsar/pull/8052/commits/0f8e53e3375bc279de4ec9ca7c7fe5ebaf25e97b,pulsar-broker/src/test/java/org/apache/pulsar/broker/admin/TopicPoliciesTest.java
https://github.com/apache/pulsar/pull/10344/commits/3948246d0a2b96883a052f1dee6daae7f13eb4c3,pulsar-broker/src/test/java/org/apache/pulsar/broker/admin/AdminApiDelayedDelivery.java
https://github.com/apache/pulsar/pull/12854/commits/a7187de2b4347d03463c8b30ee053653b76d87b9,pulsar-broker/src/main/java/org/apache/pulsar/broker/service/ServerCnx.java
https://github.com/apache/pulsar/pull/4703/commits/775f3c6cba7980ee514800caafe6d98332204a92,managed-ledger/src/test/java/org/apache/bookkeeper/mledger/impl/ManagedLedgerTest.java
https://github.com/apache/pulsar/pull/4683/commits/b45049d27320add8bfdd8e230cffe126ddd078f0,pulsar-sql/presto-pulsar/src/test/java/org/apache/pulsar/sql/presto/TestPulsarMetadata.java
https://github.com/apache/pulsar/pull/4683/commits/c239f765c1f2da99a7ada844758bcf849d67e289,pulsar-sql/presto-pulsar/src/test/java/org/apache/pulsar/sql/presto/TestPulsarConnector.java
https://github.com/apache/hudi/pull/1575/commits/0af43bbf6acf48942e95e3b57309271c680d2c59,hudi-cli/src/main/java/org/apache/hudi/cli/commands/CommitsCommand.java
https://github.com/apache/hudi/pull/2962/commits/378598c1d0690bb442ab573f1acb8b44675e40e5,hudi-cli/src/main/java/org/apache/hudi/cli/utils/InputStreamConsumer.java
https://github.com/apache/hudi/pull/2900/commits/e4956234d75c8dba15ff7258061ccec68509af9f,hudi-flink/src/test/java/org/apache/hudi/table/HoodieDataSourceITCase.java
https://github.com/apache/hudi/pull/2459/commits/8ea016700cd9a0c544f68849c3ca136862952db1,hudi-integ-test/src/main/java/org/apache/hudi/integ/testsuite/reader/DFSDeltaInputReader.java
https://github.com/apache/hudi/pull/3037/commits/0152412b7dd3b181ceffedb966964986a34e33f3,hudi-sync/hudi-hive-sync/src/main/java/org/apache/hudi/hive/HiveMetastoreBasedLockProvider.java
https://github.com/apache/hive/pull/2103/commits/4f6af3da72bf8dedbe05dc7efa88a652d93f6a35,udf/src/java/org/apache/hadoop/hive/ql/exec/UDFArgumentException.java
https://github.com/apache/hive/pull/2206/commits/61365d0f9693c3d9e7c6a39233bdeace6d09f629,ql/src/java/org/apache/hadoop/hive/ql/optimizer/calcite/reloperators/HiveProject.java
https://github.com/apache/hive/pull/2114/commits/5dd588ed4b1ecab51886ff75e0a301c7d0d97ed0,ql/src/java/org/apache/hadoop/hive/ql/parse/MapReduceCompiler.java
https://github.com/apache/pinot/pull/3152/commits/920f2a06557b768e0f0ef5c3d6e852eb9cf03213,pinot-broker/src/main/java/com/linkedin/pinot/broker/requesthandler/BaseBrokerRequestHandler.java
https://github.com/apache/pinot/pull/5586/commits/b1ddb7bc182533aeb8123c4e8824c145529f4749,pinot-core/src/main/java/org/apache/pinot/core/operator/filter/predicate/RangePredicateEvaluatorFactory.java
https://github.com/apache/pinot/pull/5825/commits/e54a3ff91c6f82a01bc3f8b1a8eaab4c74b0afd4,pinot-common/src/main/java/org/apache/pinot/sql/parsers/CalciteSqlParser.java
https://github.com/apache/pinot/pull/7019/commits/d35c45e18c2af75c15d7950ead3ea1fa7a17c74f,pinot-plugins/pinot-environment/pinot-azure/src/main/java/org/apache/pinot/plugin/provider/AzureEnvironmentProvider.java
https://github.com/apache/pinot/pull/7294/commits/135b63a7a6524105665bd81df4255bdca72b1699,pinot-segment-local/src/main/java/org/apache/pinot/segment/local/indexsegment/immutable/ImmutableSegmentLoader.java
https://github.com/apache/druid/pull/10003/commits/38cdd5c4c7e5e3fb0cecdf91955e1cedf49c037b,processing/src/test/java/org/apache/druid/segment/data/CompressedVSizeColumnarIntsSupplierTest.java
https://github.com/apache/druid/pull/9163/commits/18a3cc5deb4be407ee413fa897b1d0c380d43638,sql/src/main/java/org/apache/druid/sql/calcite/expression/SimpleExtraction.java
https://github.com/apache/druid/pull/9163/commits/18a3cc5deb4be407ee413fa897b1d0c380d43638,sql/src/main/java/org/apache/druid/sql/calcite/filtration/ConvertSelectorsToIns.java
https://github.com/apache/druid/pull/8005/commits/5ac18c540df5c683c62421bfd2011e668d155d6a,indexing-service/src/main/java/org/apache/druid/indexing/overlord/hrtr/HttpRemoteTaskRunner.java
https://github.com/apache/druid/pull/6377/commits/e4754625a63f6e89a2d2ba3dd70596e6046db831,extensions-core/druid-basic-security/src/main/java/org/apache/druid/security/basic/CommonCacheNotifier.java
https://github.com/apache/ambari/pull/3037/commits/4aaafb0c7595db588e978075f5fc6cf3191cbabe,ambari-server/src/main/java/org/apache/ambari/server/controller/internal/ClusterResourceProvider.java
https://github.com/apache/ambari/pull/115/commits/4be08e7e745fb5e3b6582a1b112cd080a32fb68e,ambari-server/src/test/java/org/apache/ambari/server/controller/RootServiceResponseFactoryTest.java
https://github.com/apache/ambari/pull/3004/commits/dc984b46d1b2d2443d98d27b58d1f9653bd5b263,ambari-server/src/main/java/org/apache/ambari/server/controller/AmbariManagementControllerImpl.java
https://github.com/apache/ambari/pull/3003/commits/61748d5982d3b6929713b3bea333e3a2bf6d7d65,ambari-server/src/main/java/org/apache/ambari/server/bootstrap/BSRunner.java
https://github.com/apache/kafka/pull/8363/commits/385080d6ae89fff36312c4c5b80ff4d99780d014,clients/src/main/java/org/apache/kafka/clients/producer/internals/Sender.java
https://github.com/apache/kafka/pull/8577/commits/074c9eb940de8e26a6ca22592893e43f4ddc0a71,clients/src/main/java/org/apache/kafka/common/metrics/stats/Histogram.java
https://github.com/apache/cloudstack/pull/5510/commits/4e78a33002a919e23b70236558002445e30afe77,vmware-base/src/main/java/com/cloud/hypervisor/vmware/mo/VirtualMachineMO.java
https://github.com/apache/cloudstack/pull/3575/commits/ffd51a0102b69b48cef554b743da1185a8be4f6e,server/src/main/java/com/cloud/network/router/VirtualNetworkApplianceManagerImpl.java
https://github.com/apache/iotdb/pull/2103/commits/af32e5bfee07456062ae3599c3ea19bb2a438db1,server/src/main/java/org/apache/iotdb/db/engine/merge/selector/MaxFileMergeFileSelector.java
https://github.com/apache/iotdb/pull/2375/commits/e2c0c22780c8d3b07cdfabb581642cfee52c3c4d,cluster/src/main/java/org/apache/iotdb/cluster/config/ClusterConfig.java
https://github.com/apache/iotdb/pull/4374/commits/43aa8bf3ad089956086f187c7137474f96011e29,server/src/main/java/org/apache/iotdb/db/concurrent/threadpool/WrappedSingleThreadScheduledExecutor.java
https://github.com/apache/ozone/pull/1911/commits/8151270e1e489637a5531ad62f1bb234365ec31e,hadoop-hdds/container-service/src/main/java/org/apache/hadoop/ozone/container/keyvalue/impl/FilePerChunkStrategy.java
https://github.com/apache/ozone/pull/1838/commits/8d8acbd19b26b2becd4acaf9d4e6bfe6cb6fe241,hadoop-ozone/ozone-manager/src/test/java/org/apache/hadoop/ozone/security/TestOzoneBlockTokenSecretManager.java
https://github.com/apache/flink/pull/16464/commits/4a78097d0385749daceafd8326930c8cc5f26f1a,flink-clients/src/test/java/org/apache/flink/client/deployment/application/ApplicationDispatcherBootstrapTest.java
https://github.com/apache/flink/pull/11353/commits/8882b86566c51dc0161757b951f3af711e76c6d3,flink-kubernetes/src/main/java/org/apache/flink/kubernetes/KubernetesClusterDescriptor.java
https://github.com/apache/camel/pull/5456/commits/542dadee8da0505131b1c276c2b35cd2ce0e7274,components/camel-jt400/src/main/java/org/apache/camel/component/jt400/Jt400MsgQueueProducer.java
https://github.com/apache/dubbo/pull/5996/commits/1340dace183a242d94ff9821df66041d444fce9d,dubbo-config/dubbo-config-api/src/main/java/org/apache/dubbo/config/bootstrap/DubboBootstrap.java
https://github.com/apache/netbeans/pull/2337/commits/938b7d26695511809f1ebae00a4cf6763edcc357,platform/api.htmlui/src/org/netbeans/modules/htmlui/Buttons.java
https://github.com/apache/dolphinscheduler/pull/2482/commits/3c9a1e8231781408f69f04e44dee033b2b8d0e94,dolphinscheduler-common/src/main/java/org/apache/dolphinscheduler/common/task/datax/DataxParameters.java
https://github.com/apache/iceberg/pull/3268/commits/4bf81f0dfc5bba257ab5cf51fd256e07f08b5ac5,spark3/src/main/java/org/apache/iceberg/spark/source/SparkMicroBatchStream.java
https://github.com/apache/geode/pull/7124/commits/ffade8a86c1342e77c6c49c07705f34d878bcaec,geode-core/src/main/java/org/apache/geode/internal/cache/partitioned/rebalance/model/PartitionedRegionLoadModel.java
https://github.com/apache/ratis/pull/468/commits/8b7c84d79d4fc2cdf7d5f6d85444d26318eee993,ratis-common/src/main/java/org/apache/ratis/util/IOUtils.java
https://github.com/apache/incubator-heron/pull/1878/commits/de850c92190a325a9e760ced1bcf7b7e37df7e0b,heron/metricsmgr/tests/java/com/twitter/heron/metricsmgr/executor/SinkExecutorTest.java
https://github.com/apache/ambari-infra/pull/12/commits/b2efa46cfaaf8ad829b8fcb25fe7447c67a19b45,ambari-infra-manager/src/main/java/org/apache/ambari/infra/job/SolrDAOBase.java
https://github.com/apache/pulsar-manager/pull/229/commits/e1b10de898c77402f4831ed1336b22223230a1cd,src/main/java/org/apache/pulsar/manager/dao/ConsumersStatsRepositoryImpl.java
https://github.com/eclipse/jkube/pull/1198/commits/094ab9ef769cd16a111211d2770b944f40f9d366,gradle-plugin/kubernetes/src/main/java/org/eclipse/jkube/gradle/plugin/task/AbstractJKubeTask.java
https://github.com/eclipse/jkube/pull/1046/commits/a71d21c62aa7755eb8460289de85f5df5d33c5c0,jkube-kit/profile/src/main/java/org/eclipse/jkube/kit/profile/ProfileUtil.java
https://github.com/eclipse/eclipse-collections/pull/1135/commits/de8108e59688b3ef7996f73c11d5f9f5e003a623,unit-tests/src/test/java/org/eclipse/collections/impl/collector/Collectors2Test.java
https://github.com/eclipse-ditto/ditto/pull/908/commits/3e70a22618bbf9347d17078c07080308c1950d5d,services/utils/pubsub/src/main/java/org/eclipse/ditto/services/utils/pubsub/PubSubFactory.java
https://github.com/eclipse/xtext-xtend/pull/836/commits/b2ce1e053b3d9691dd6814036744d3a5b90df4af,org.eclipse.xtend.ide.tests/src/org/eclipse/xtend/ide/tests/folding/XtendFoldingRegionProviderTest.java
https://github.com/deeplearning4j/deeplearning4j/pull/7528/commits/32564409d5e5e0606853d211583fdfc24e3a786f,deeplearning4j/deeplearning4j-zoo/src/main/java/org/deeplearning4j/zoo/model/LeNet.java
https://github.com/jenkinsci/jenkins/pull/6060/commits/b382c59dfdc0a40138b0a6984f1972f193a84e3b,test/src/test/java/hudson/LauncherTest.java
https://github.com/jenkinsci/jenkins/pull/6013/commits/2125cea5327172ef0434689cc9f89bedbcec88a3,core/src/main/java/hudson/cli/DisablePluginCommand.java
https://github.com/jenkinsci/jenkins/pull/4845/commits/a244e88e6306e48c813af9ae2d934fd8bf27785a,cli/src/main/java/hudson/cli/CLI.java
https://github.com/jenkinsci/jenkins/pull/4845/commits/a244e88e6306e48c813af9ae2d934fd8bf27785a,cli/src/main/java/hudson/cli/PlainCLIProtocol.java
https://github.com/jenkinsci/jenkins/pull/4845/commits/a244e88e6306e48c813af9ae2d934fd8bf27785a,core/src/main/java/hudson/Functions.java
https://github.com/jenkinsci/jenkins/pull/4845/commits/a244e88e6306e48c813af9ae2d934fd8bf27785a,cli/src/main/java/hudson/cli/PrivateKeyProvider.java
https://github.com/jenkinsci/jenkins/pull/4845/commits/a244e88e6306e48c813af9ae2d934fd8bf27785a,core/src/main/java/jenkins/util/xstream/XStreamDOM.java
https://github.com/jenkinsci/jenkins/pull/4846/commits/f017c04d2e45cb8fe2d534f12d6980e1455bdd62,test/src/test/java/hudson/console/AnnotatedLargeTextTest.java
https://github.com/jenkinsci/jenkins/pull/4846/commits/f017c04d2e45cb8fe2d534f12d6980e1455bdd62,test/src/test/java/jenkins/security/stapler/DoActionFilterTest.java
https://github.com/jenkinsci/jenkins/pull/4458/commits/403bb2ee447f7283d6a556846e49c3744948b4e5,core/src/main/java/hudson/model/listeners/ItemListener.java
https://github.com/jenkinsci/jenkins/pull/3618/commits/73c6974d8673bc894a7b3610bba0f5b635a19d90,test/src/test/java/hudson/AboutJenkinsTest.java
https://github.com/jenkinsci/azure-vm-agents-plugin/pull/306/commits/f36e28ad989cd7b32fa52a41f788ecffb4492b30,src/main/java/com/microsoft/azure/vmagent/AzureVMAgentCleanUpTask.java
https://github.com/jenkinsci/azure-vm-agents-plugin/pull/306/commits/f36e28ad989cd7b32fa52a41f788ecffb4492b30,src/main/java/com/microsoft/azure/vmagent/AzureVMCloudPoolRetentionStrategy.java
https://github.com/jenkinsci/azure-vm-agents-plugin/pull/306/commits/f36e28ad989cd7b32fa52a41f788ecffb4492b30,src/main/java/com/microsoft/azure/vmagent/util/AzureUtil.java
https://github.com/jenkinsci/ec2-fleet-plugin/pull/217/commits/867db1c45b95ebff56852717eb605c395b91e627,src/main/java/com/amazon/jenkins/ec2fleet/EC2FleetCloud.java
https://github.com/jenkinsci/plugin-installation-manager-tool/pull/147/commits/7f669186fa3d44c857d229d5633b50eec39d2a00,plugin-management-library/src/test/java/io/jenkins/tools/pluginmanager/impl/PluginManagerTest.java
https://github.com/jenkinsci/plugin-installation-manager-tool/pull/124/commits/dacbd7f9b7dec62388b959c2c3ebc175e50ec10d,plugin-management-library/src/test/java/io/jenkins/tools/pluginmanager/util/PluginListParserTest.java
https://github.com/jenkinsci/plugin-installation-manager-tool/pull/126/commits/744e5c84e51c2ca4e2db2df8be54dc5d46eb15e1,plugin-management-cli/src/test/java/io/jenkins/tools/pluginmanager/cli/CliOptionsTest.java
https://github.com/jenkinsci/plugin-installation-manager-tool/pull/118/commits/73e4a86cbec6f54668049c497ef4fa395e05d58e,plugin-management-cli/src/test/java/io/jenkins/tools/pluginmanager/cli/CliOptionsTest.java
https://github.com/jenkinsci/plugin-installation-manager-tool/pull/117/commits/24b18f621d05bf32873ed9c70c80bff5f8beb6d9,plugin-management-library/src/test/java/io/jenkins/tools/pluginmanager/impl/PluginManagerTest.java
https://github.com/jenkinsci/plugin-installation-manager-tool/pull/129/commits/fb9628f89199cda724caaf7353828a3d346afd36,plugin-management-library/src/test/java/io/jenkins/tools/pluginmanager/impl/PluginManagerTest.java
https://github.com/jenkinsci/plugin-installation-manager-tool/pull/123/commits/99e116d510b33f97d6fa9bdc129c57d50b477edc,plugin-management-cli/src/test/java/io/jenkins/tools/pluginmanager/cli/CliOptionsTest.java
https://github.com/jenkinsci/plugin-installation-manager-tool/pull/134/commits/5f6f9ba9c617d4deab2cd57b770d90d8c6e94f17,plugin-management-cli/src/test/java/io/jenkins/tools/pluginmanager/cli/CliOptionsTest.java
https://github.com/jenkinsci/remoting/pull/378/commits/236691650bb922492dfcebbd27f7c30425940a63,src/main/java/hudson/remoting/RemoteClassLoader.java
https://github.com/jenkinsci/stash-pullrequest-builder-plugin/pull/174/commits/c79af70be3f799420843317c3056da0b37a9adfe,src/main/java/stashpullrequestbuilder/stashpullrequestbuilder/stash/StashApiClient.java
https://github.com/jenkinsci/docker-workflow-plugin/pull/186/commits/bc0e3ef9d2b1a82104342fb326c61aae677a32d5,src/main/java/org/jenkinsci/plugins/docker/workflow/Dockerfile.java
https://github.com/jenkinsci/git-plugin/pull/931/commits/2a879a881d8d7eb8e34dafac2c8cd0f38eed4ae4,src/main/java/jenkins/plugins/git/GitRepoSizeEstimator.java
https://github.com/jenkinsci/git-plugin/pull/931/commits/14548cf2774d21853e889f245cbc7863de067b98,src/main/java/jenkins/plugins/git/GitRepoSizeEstimator.java
https://github.com/jenkinsci/git-plugin/pull/931/commits/58ca8e79cfdf92b436af5e7419b9d9f77b6f1311,src/main/java/jenkins/plugins/git/GitRepoSizeEstimator.java
https://github.com/jenkinsci/stash-pullrequest-builder-plugin/pull/130/commits/d8ee9b9385070d3bce97844bf82d73e710823f91,src/main/java/stashpullrequestbuilder/stashpullrequestbuilder/StashRepository.java
https://github.com/jenkinsci/working-hours-plugin/pull/4/commits/ea5cc0f460db076ec65c3f711f4968238967645f,src/main/java/org/jenkinsci/plugins/workinghours/WorkingHoursConfig.java
https://github.com/jenkinsci/google-compute-engine-plugin/pull/60/commits/bc4e6e9f7961863fe2691bcf743254be7f3f4d5c,src/test/java/com/google/jenkins/plugins/computeengine/integration/ComputeEngineCloud1WorkerCreatedFor2ExecutorsIT.java
https://github.com/jenkinsci/google-kubernetes-engine-plugin/pull/12/commits/de465f3bbf53be586512ba61fab982232d1ff7fc,src/test/java/com/google/jenkins/plugins/k8sengine/KubernetesEngineBuilderTest.java
https://github.com/jenkinsci/configuration-as-code-plugin/pull/116/commits/3cbb832cfa505e94041472f47e139e6eb10039eb,src/main/java/org/jenkinsci/plugins/casc/ConfigurationAsCode.java
https://github.com/jenkinsci/office-365-connector-plugin/pull/25/commits/9fc8c0599085c8a2dbf660faecf7616ea162d316,src/main/java/jenkins/plugins/office365connector/Office365ConnectorWebhookNotifier.java
https://github.com/spring-projects/spring-integration/pull/3550/commits/17f6556157ddefaed002cce9e6314d5b54883438,spring-integration-core/src/main/java/org/springframework/integration/config/PublisherRegistrar.java
https://github.com/redhat-developer/intellij-tekton/pull/383/commits/d5bda1224765cf15d25376bbfc28a0718014de28,src/main/java/com/redhat/devtools/intellij/tektoncd/actions/StartAction.java
https://github.com/apache/accumulo/pull/2098/commits/4a947d55b9b8fc04944f8ad2589394fbc87ba376,test/src/main/java/org/apache/accumulo/test/functional/CompactionIT.java
https://github.com/apache/accumulo/pull/2512/commits/967d725f05f878aadfbce4d24902d34cbdc9c56a,core/src/test/java/org/apache/accumulo/core/client/BatchWriterConfigTest.java
https://github.com/apache/avro/pull/874/commits/9791d0f68c264b636da97661d231997ea795dabd,lang/java/avro/src/main/java/org/apache/avro/reflect/ReflectData.java
https://github.com/cbeust/testng/pull/1861/commits/6ed264018964e1f9ae0e068f90738bddb385cd98,src/main/java/org/testng/internal/ClassHelper.java
https://github.com/checkstyle/checkstyle/pull/4049/commits/a71403d2c5d26fbf725381a41d737c31273a85b8,src/main/java/com/puppycrawl/tools/checkstyle/checks/annotation/AnnotationLocationCheck.java
https://github.com/checkstyle/checkstyle/pull/4049/commits/a71403d2c5d26fbf725381a41d737c31273a85b8,src/main/java/com/puppycrawl/tools/checkstyle/checks/annotation/AnnotationLocationCheck.java
https://github.com/checkstyle/checkstyle/pull/4049/commits/a71403d2c5d26fbf725381a41d737c31273a85b8,src/main/java/com/puppycrawl/tools/checkstyle/checks/annotation/AnnotationLocationCheck.java
https://github.com/forcedotcom/SalesforceMobileSDK-Android/pull/1699/commits/9f8363690e00537e17c681afd13f96e007c29235,libs/SmartSync/src/com/salesforce/androidsdk/smartsync/manager/LayoutSyncManager.java
https://github.com/grpc/grpc-java/pull/6375/commits/762347953b2057888cb25f3992869a0a21aeda2e,netty/src/main/java/io/grpc/netty/KeepAliveEnforcer.java
https://github.com/farin/JCloisterZone/pull/240/commits/073644463a7a099dd599a0f19ab6d0a6f14ad51c,src/main/java/com/jcloisterzone/board/Location.java
https://github.com/farin/JCloisterZone/pull/240/commits/f4f1813cd922c64a9f215e0674d34e3fdd6802c8,src/main/java/com/jcloisterzone/game/capability/TowerCapability.java
https://github.com/GlowstoneMC/Glowstone/pull/908/commits/51e9d21d0f7cb61cf757e9156265d19399c4c077,src/main/java/net/glowstone/io/nbt/NbtStructureDataService.java
https://github.com/iluwatar/java-design-patterns/pull/2327/commits/1aba20592cf200f4c5f2ba492eb1dbe243f511e2,flyweight/src/test/java/com/iluwatar/flyweight/AlchemistShopTest.java
https://github.com/iluwatar/java-design-patterns/pull/2327/commits/1aba20592cf200f4c5f2ba492eb1dbe243f511e2,flyweight/src/main/java/com/iluwatar/flyweight/PotionFactory.java
https://github.com/apache/accumulo/pull/1796/commits/0988660c81a6cc8cdd911aa0c5afc110da19ddfa,core/src/main/java/org/apache/accumulo/core/metadata/TabletLocationState.java
https://github.com/CorfuDB/CorfuDB/pull/1245/commits/c22c2244b682a4420df0ae8ddae4189c9aff2cbd,runtime/src/main/java/org/corfudb/util/MetricsUtils.java
https://github.com/googlemaps/android-maps-utils/pull/657/commits/63e30972fe83a4a3d85586119b2921539ee503f0,demo/src/main/java/com/google/maps/android/utils/demo/MultiLayerDemoActivity.java
https://github.com/crate/crate/pull/7223/commits/a34437addd93b30a79320af2264e32ce8aa04625,sql/src/main/java/io/crate/execution/engine/collect/count/InternalCountOperation.java
https://github.com/grpc/grpc-java/pull/8767/commits/b20891edc93c713f44bdf0c3b1e7dcb3a7586fab,xds/src/main/java/io/grpc/xds/XdsNameResolver.java
https://github.com/JabRef/jabref/pull/5192/commits/714edf097a8f52a5f5436bda2f7355611196ca59,src/main/java/org/jabref/logic/texparser/TexBibEntriesResolver.java
https://github.com/neo4j/neo4j/pull/11221/commits/2f551c4fdf730eb46a1a60b002c0090973aa61b5,community/cypher/cypher/src/test/scala/org/neo4j/cypher/internal/compiler/v3_4/SemanticIndexAcceptanceTest.scala
https://github.com/neo4j/neo4j/pull/11221/commits/2f551c4fdf730eb46a1a60b002c0090973aa61b5,community/cypher/interpreted-runtime/src/main/scala/org/neo4j/cypher/internal/runtime/interpreted/pipes/NodeIndexSeeker.scala
https://github.com/neo4j/neo4j/pull/11221/commits/c4e7008b73e9d2be62b6bea1902c2bc3e59fb6cd,community/cypher/cypher/src/test/scala/org/neo4j/cypher/internal/compiler/v3_4/SemanticIndexAcceptanceTest.scala
https://github.com/jMonkeyEngine/jmonkeyengine/pull/1534/commits/e7f411044ac461f0909fe1b3442d32c1acf43c6c,jme3-core/src/main/java/com/jme3/scene/debug/custom/ArmatureDebugAppState.java
https://github.com/apache/kafka/pull/9534/commits/3c15c79ca5f49d006ebf0fbf658c63e1dfe21a3d,streams/src/test/java/org/apache/kafka/streams/state/internals/OffsetCheckpointTest.java
